Url,Name,Followers
https://tiki.vn/cua-hang/thoi-trang-mymyshop?source_screen=product_detail&source_engine=organic,Thời Trang MYMYSHOP,Người theo dõi: 372
https://tiki.vn/cua-hang/thoi-trang-boboshop?source_screen=product_detail&source_engine=organic,THỜI TRANG BOBOSHOP,Người theo dõi: 277
https://tiki.vn/cua-hang/bui-store?source_screen=product_detail&source_engine=organic,BỤI store,Người theo dõi: 392
https://tiki.vn/cua-hang/mai-am-store?source_screen=product_detail&source_engine=organic,Mái Ấm Store,Người theo dõi: 109
https://tiki.vn/cua-hang/suzyvi?source_screen=product_detail&source_engine=organic,SUZYVI,Người theo dõi: 1.4k+
https://tiki.vn/cua-hang/thoi-trang-tina?source_screen=product_detail&source_engine=organic,THỜI TRANG TINA,Người theo dõi: 715
https://tiki.vn/cua-hang/thoi-trang-banamo?source_screen=product_detail&source_engine=organic,Thời trang Banamo,Người theo dõi: 202
https://tiki.vn/cua-hang/maymay?source_screen=product_detail&source_engine=organic,Vanvan,Người theo dõi: 513
https://tiki.vn/cua-hang/do-bo-eirlys-shop?source_screen=product_detail&source_engine=organic,Đồ Bộ Eirlys Shop,Người theo dõi: 28
https://tiki.vn/cua-hang/jelly?source_screen=product_detail&source_engine=organic,Thời trang Jellystore,Người theo dõi: 941
https://tiki.vn/cua-hang/wecan?source_screen=product_detail&source_engine=organic,Wecan,Người theo dõi: 91
https://tiki.vn/cua-hang/dam-yurin?source_screen=product_detail&source_engine=organic,Đầm YuRin,Người theo dõi: 1.3k+
https://tiki.vn/cua-hang/monsshop?source_screen=product_detail&source_engine=organic,MONSSHOP,Người theo dõi: 85
https://tiki.vn/cua-hang/new-sky-shop-18?source_screen=product_detail&source_engine=organic,New Sky Shop 18,Người theo dõi: 11.2k+
https://tiki.vn/cua-hang/ngado?source_screen=product_detail&source_engine=organic,NGADO,Người theo dõi: 3
https://tiki.vn/cua-hang/thoitrangtp?source_screen=product_detail&source_engine=organic,thoitrangtp,Người theo dõi: 215
https://tiki.vn/cua-hang/huong-nemo-style?source_screen=product_detail&source_engine=organic,Hương Nemo Style,Người theo dõi: 894
https://tiki.vn/cua-hang/thoitrangunisextp?source_screen=product_detail&source_engine=organic,ThoitrangUnisexTP,Người theo dõi: 551
https://tiki.vn/cua-hang/goti?source_screen=product_detail&source_engine=organic,GOTI Official Store,Người theo dõi: 968
https://tiki.vn/cua-hang/khanh-linh-style?source_screen=product_detail&source_engine=organic,KHANH LINH STYLE,Người theo dõi: 1.6k+
https://tiki.vn/cua-hang/may-fashion?source_screen=product_detail&source_engine=organic,MAYHOMES Official Store,Người theo dõi: 2.5k+
https://tiki.vn/cua-hang/xuong-may-9x?source_screen=product_detail&source_engine=organic,Xưởng May 9x,Người theo dõi: 196
https://tiki.vn/cua-hang/dui-viet?source_screen=product_detail&source_engine=organic,ĐŨI VIỆT Official,Người theo dõi: 893
https://tiki.vn/cua-hang/hai-fashion?source_screen=product_detail&source_engine=organic,Hai Fashion,Người theo dõi: 809
https://tiki.vn/cua-hang/nh-fashion?source_screen=product_detail&source_engine=organic,Haint Boutique Official,Người theo dõi: 1.8k+
https://tiki.vn/cua-hang/may-dam-thiet-ke?source_screen=product_detail&source_engine=organic,Mây Đầm Thiết Kế,Người theo dõi: 397
https://tiki.vn/cua-hang/jins-store?source_screen=product_detail&source_engine=organic,Jins Store,Người theo dõi: 852
https://tiki.vn/cua-hang/thoitrangthienphucunisex?source_screen=product_detail&source_engine=organic,thoitrangthienphucunisex,Người theo dõi: 611
https://tiki.vn/cua-hang/luperi?source_screen=product_detail&source_engine=organic,LUPERI,Người theo dõi: 140
https://tiki.vn/cua-hang/hainguyenshop?source_screen=product_detail&source_engine=organic,Hainguyenshop,Người theo dõi: 83
https://tiki.vn/cua-hang/loan-store?source_screen=product_detail&source_engine=organic,Loan Store,Người theo dõi: 20
https://tiki.vn/cua-hang/avashop-thoi-trang?source_screen=product_detail&source_engine=organic,Avashop Thời Trang,Người theo dõi: 97
https://tiki.vn/cua-hang/vest-va-ao-dai-xuan-shop?source_screen=product_detail&source_engine=organic,Vest Và Áo Dài Xuân Shop,Người theo dõi: 109
https://tiki.vn/cua-hang/xuong-quan-ao-dep?source_screen=product_detail&source_engine=organic,Xưởng Quần Áo Đẹp,Người theo dõi: 426
https://tiki.vn/cua-hang/lolemboutique?source_screen=product_detail&source_engine=organic,LolemBoutique,Người theo dõi: 47
https://tiki.vn/cua-hang/cua-hang-linh-linh?source_screen=product_detail&source_engine=organic,CỬA HÀNG LINH LINH,Người theo dõi: 469
https://tiki.vn/cua-hang/jinshopteen?source_screen=product_detail&source_engine=organic,jinshopteen,Người theo dõi: 1.9k+
