admin_id,last_name,first_name,email,password
A001,Đào,Hữu An,dao.an1@gmail.com,P@ssw0rd123
A002,Đặng,Đức Hương,dang.huong2@gmail.com,P@ssw0rd123
A003,Mai,Đức Linh,mai.linh3@gmail.com,P@ssw0rd123
A004,Phạm,Đức Khánh,pham.khanh4@gmail.com,P@ssw0rd123
A005,Dương,Công Dũng,duong.dung5@gmail.com,P@ssw0rd123
A006,Đào,Thành An,dao.an6@gmail.com,P@ssw0rd123
A007,Lê,Thành Hương,le.huong7@gmail.com,P@ssw0rd123
A008,Dương,Hữu Giang,duong.giang8@gmail.com,P@ssw0rd123
A009,Đỗ,Đức Linh,do.linh9@gmail.com,P@ssw0rd123
A010,Hồ,Thanh Chi,ho.chi10@gmail.com,P@ssw0rd123
A011,Trương,Minh Bình,truong.binh11@gmail.com,P@ssw0rd123
A012,Đinh,Ngọc Dũng,dinh.dung12@gmail.com,P@ssw0rd123
A013,Huỳnh,Thành Nam,huynh.nam13@gmail.com,P@ssw0rd123
A014,Đỗ,Thanh Giang,do.giang14@gmail.com,P@ssw0rd123
A015,Lê,Ngọc An,le.an15@gmail.com,P@ssw0rd123
A016,Dương,Văn Khánh,duong.khanh16@gmail.com,P@ssw0rd123
A017,Lê,Hữu An,le.an17@gmail.com,P@ssw0rd123
A018,Đinh,Hữu Bình,dinh.binh18@gmail.com,P@ssw0rd123
A019,Vũ,Hữu An,vu.an19@gmail.com,P@ssw0rd123
A020,Trần,Đức Giang,tran.giang20@gmail.com,P@ssw0rd123
A021,Hồ,Kim An,ho.an21@gmail.com,P@ssw0rd123
A022,Lê,Công Khánh,le.khanh22@gmail.com,P@ssw0rd123
A023,Hồ,Hữu Khánh,ho.khanh23@gmail.com,P@ssw0rd123
A024,Bùi,Đức Giang,bui.giang24@gmail.com,P@ssw0rd123
A025,Trương,Ngọc Nam,truong.nam25@gmail.com,P@ssw0rd123
A026,Trương,Đức Dũng,truong.dung26@gmail.com,P@ssw0rd123
A027,Phạm,Hữu Khánh,pham.khanh27@gmail.com,P@ssw0rd123
A028,Trần,Thanh Phương,tran.phuong28@gmail.com,P@ssw0rd123
A029,Bùi,Kim Chi,bui.chi29@gmail.com,P@ssw0rd123
A030,Trần,Kim An,tran.an30@gmail.com,P@ssw0rd123
A031,Bùi,Công Phương,bui.phuong31@gmail.com,P@ssw0rd123
A032,Vũ,Hữu Chi,vu.chi32@gmail.com,P@ssw0rd123
A033,Vũ,Đức Bình,vu.binh33@gmail.com,P@ssw0rd123
A034,Mai,Minh An,mai.an34@gmail.com,P@ssw0rd123
A035,Vũ,Kim Giang,vu.giang35@gmail.com,P@ssw0rd123
A036,Đào,Công Phương,dao.phuong36@gmail.com,P@ssw0rd123
A037,Phạm,Ngọc Nam,pham.nam37@gmail.com,P@ssw0rd123
A038,Bùi,Ngọc Dũng,bui.dung38@gmail.com,P@ssw0rd123
A039,Hồ,Minh Bình,ho.binh39@gmail.com,P@ssw0rd123
A040,Ngô,Ngọc Nam,ngo.nam40@gmail.com,P@ssw0rd123
A041,Huỳnh,Hữu Hương,huynh.huong41@gmail.com,P@ssw0rd123
A042,Đặng,Thị Chi,dang.chi42@gmail.com,P@ssw0rd123
A043,Võ,Văn Bình,vo.binh43@gmail.com,P@ssw0rd123
A044,Đào,Thị Nam,dao.nam44@gmail.com,P@ssw0rd123
A045,Huỳnh,Công Hương,huynh.huong45@gmail.com,P@ssw0rd123
A046,Võ,Văn Khánh,vo.khanh46@gmail.com,P@ssw0rd123
A047,Phạm,Ngọc Khánh,pham.khanh47@gmail.com,P@ssw0rd123
A048,Trần,Kim Dũng,tran.dung48@gmail.com,P@ssw0rd123
A049,Đặng,Thị Dũng,dang.dung49@gmail.com,P@ssw0rd123
A050,Trương,Thành Dũng,truong.dung50@gmail.com,P@ssw0rd123
A051,Đào,Đức Dũng,dao.dung51@gmail.com,P@ssw0rd123
A052,Bùi,Đức An,bui.an52@gmail.com,P@ssw0rd123
A053,Lý,Công An,ly.an53@gmail.com,P@ssw0rd123
A054,Hồ,Công Khánh,ho.khanh54@gmail.com,P@ssw0rd123
A055,Vũ,Thanh Chi,vu.chi55@gmail.com,P@ssw0rd123
A056,Ngô,Đức Dũng,ngo.dung56@gmail.com,P@ssw0rd123
A057,Lê,Văn Khánh,le.khanh57@gmail.com,P@ssw0rd123
A058,Đặng,Minh Chi,dang.chi58@gmail.com,P@ssw0rd123
A059,Bùi,Công Linh,bui.linh59@gmail.com,P@ssw0rd123
A060,Trương,Thị Dũng,truong.dung60@gmail.com,P@ssw0rd123
A061,Hoàng,Thị Khánh,hoang.khanh61@gmail.com,P@ssw0rd123
A062,Hồ,Văn Linh,ho.linh62@gmail.com,P@ssw0rd123
A063,Phan,Đức Khánh,phan.khanh63@gmail.com,P@ssw0rd123
A064,Đỗ,Thị Bình,do.binh64@gmail.com,P@ssw0rd123
A065,Nguyễn,Văn Bình,nguyen.binh65@gmail.com,P@ssw0rd123
A066,Huỳnh,Thị Linh,huynh.linh66@gmail.com,P@ssw0rd123
A067,Võ,Đức Phương,vo.phuong67@gmail.com,P@ssw0rd123
A068,Huỳnh,Công Nam,huynh.nam68@gmail.com,P@ssw0rd123
A069,Trương,Kim Bình,truong.binh69@gmail.com,P@ssw0rd123
A070,Ngô,Hữu Linh,ngo.linh70@gmail.com,P@ssw0rd123
A071,Lê,Thị Phương,le.phuong71@gmail.com,P@ssw0rd123
A072,Võ,Minh Phương,vo.phuong72@gmail.com,P@ssw0rd123
A073,Phan,Công Hương,phan.huong73@gmail.com,P@ssw0rd123
A074,Phan,Thành Chi,phan.chi74@gmail.com,P@ssw0rd123
A075,Võ,Minh Hương,vo.huong75@gmail.com,P@ssw0rd123
A076,Hồ,Thành Nam,ho.nam76@gmail.com,P@ssw0rd123
A077,Võ,Kim Giang,vo.giang77@gmail.com,P@ssw0rd123
A078,Đào,Thị Khánh,dao.khanh78@gmail.com,P@ssw0rd123
A079,Hoàng,Ngọc Nam,hoang.nam79@gmail.com,P@ssw0rd123
A080,Hoàng,Kim Nam,hoang.nam80@gmail.com,P@ssw0rd123
A081,Lý,Thành Linh,ly.linh81@gmail.com,P@ssw0rd123
A082,Hoàng,Hữu Hương,hoang.huong82@gmail.com,P@ssw0rd123
A083,Phạm,Kim Bình,pham.binh83@gmail.com,P@ssw0rd123
A084,Bùi,Đức Bình,bui.binh84@gmail.com,P@ssw0rd123
A085,Huỳnh,Thanh Khánh,huynh.khanh85@gmail.com,P@ssw0rd123
A086,Bùi,Văn Bình,bui.binh86@gmail.com,P@ssw0rd123
A087,Nguyễn,Đức Hương,nguyen.huong87@gmail.com,P@ssw0rd123
A088,Phan,Công Linh,phan.linh88@gmail.com,P@ssw0rd123
A089,Nguyễn,Công Nam,nguyen.nam89@gmail.com,P@ssw0rd123
A090,Mai,Văn Giang,mai.giang90@gmail.com,P@ssw0rd123
A091,Đặng,Hữu Phương,dang.phuong91@gmail.com,P@ssw0rd123
A092,Trần,Hữu Bình,tran.binh92@gmail.com,P@ssw0rd123
A093,Đào,Công Hương,dao.huong93@gmail.com,P@ssw0rd123
A094,Trần,Hữu Chi,tran.chi94@gmail.com,P@ssw0rd123
A095,Lý,Thị Chi,ly.chi95@gmail.com,P@ssw0rd123
A096,Phan,Thanh Giang,phan.giang96@gmail.com,P@ssw0rd123
A097,Trương,Thị Nam,truong.nam97@gmail.com,P@ssw0rd123
A098,Phạm,Kim Khánh,pham.khanh98@gmail.com,P@ssw0rd123
A099,Hồ,Thị Giang,ho.giang99@gmail.com,P@ssw0rd123
A100,Ngô,Công An,ngo.an100@gmail.com,P@ssw0rd123
